{
  "name": "88影视",
  //"url": "https://www.88ys.cn",
  "url": "https://www.88hd.com",
  "User": "空",
  "shouye": "1",
  "fenlei": "电影$/vod-type-id-1-pg-1#电视剧$/vod-type-id-2-pg-1#综艺$/vod-type-id-3-pg-1#动漫$/vod-type-id-4-pg-1#动作片$/vod-type-id-5-pg-1#喜剧片/vod-type-id-6-pg-1#爱情片$/vod-type-id-7-pg-1#科幻片$/vod-type-id-8-pg-1#恐怖片$/vod-type-id-9-pg-1#剧情片$/vod-type-id-10-pg-1#战争片$/vod-type-id-11-pg-1#国产剧$/vod-type-id-12-pg-1#港台剧$/vod-type-id-13-pg-1#日韩剧$/vod-type-id-14-pg-1#欧美剧$/vod-type-id-15-pg-1#记录片$/vod-type-id-17-pg-1#冒险片$/vod-type-id-18-pg-1#悬疑片$/vod-type-id-19-pg-1#犯罪片$/vod-type-id-20-pg-1#惊悚片$/vod-type-id-26-pg-1#动画片$/vod-type-id-27-pg-1#微电影$/vod-type-id-16-pg-1#其他片$/vod-type-id-25-pg-1",
  "houzhui": ".html",
  "shifouercijiequ": "0",
  "jiequqian": "空",
  "jiequhou": "空",
  "jiequshuzuqian": "class=\"p1 m1\"",
  "jiequshuzuhou": "</div>",
  "tupianqian": "data-original=\"",
  "tupianhou": "\"",
  "biaotiqian": "title=\"",
  "biaotihou": "\"",
  "lianjieqian": "href=\"",
  "lianjiehou": "\"",
  "sousuoqian": "/index.php/ajax/suggest?mid=1&wd=",
  "sousuohou": "&limit=500",
  "sousuohouzhui": "/voddetail/",
  "ssmoshi": "0",
  "sousuoshifouercijiequ": "0",
  "jspic": "pic",
  "jsname": "name",
  "jsid": "id",
  "ssjiequqian": "空",
  "ssjiequhou": "空",
  "ssjiequshuzuqian": "空",
  "ssjiequshuzuhou": "空",
  "sstupianqian": "空",
  "sstupianhou": "空",
  "ssbiaotiqian": "空",
  "ssbiaotihou": "空",
  "sslianjieqian": "空",
  "sslianjiehou": "空",
  "bfshifouercijiequ": "0",
  "bfjiequqian": "空",
  "bfjiequhou": "空",
  "zhuangtaiqian": "更新：",
  "zhuangtaihou": "</div>",
  "daoyanqian": "导演：",
  "daoyanhou": "</div>",
  "zhuyanqian": "主演：",
  "zhuyanhou": "</div>",
  "juqingqian": "简介：",
  "juqinghou": "/div>",
  "bfjiequshuzuqian": "class=\"module-list",
  "bfjiequshuzuhou": "</div>",
  "bfyshifouercijiequ": "0",
  "bfyjiequqian": "空",
  "bfyjiequhou": "空",
  "bfyjiequshuzuqian": "<a",
  "bfyjiequshuzuhou": "/a>",
  "bfbiaotiqian": "<span>",
  "bfbiaotihou": "</span>",
  "bflianjieqian": "href=\"",
  "bflianjiehou": "\""
}
