{
  "ua": "Mozilla/5.0 (iPhone; CPU iPhone OS 13_2_3 like Mac OS X) AppleWebKit/605.1.15 (KHTML, like Gecko) Version/13.0.3 Mobile/15E148 Safari/604.1",
  "homeUrl": "http://98bbw.com/label/new.html",

  "dcVipFlag": "true",
  "pCfgJs": "http://98bbw.com/static/js/playerconfig.js",
  "pCfgJsR": "[\\W|\\S|.]*?MacPlayerConfig.player_list[\\W|\\S|.]*?=([\\W|\\S|.]*?),MacPlayerConfig.downer_list",
  "dcShow2Vip": {},
  "dcPlayUrl": "true",

  "cateNode": "//ul[contains(@class,'type-slide')]/li/a[contains(@href, 'whole')]",
  "cateName": "/text()",
  "cateId": "/@href",
  "cateIdR": "/whole/(\\d+).html",
  "cateManual": {},
  "homeVodNode": "//ul[contains(@class,'stui-vodlist')]//li//a[contains(@class,'stui-vodlist__thumb')]",
  "homeVodName": "/@title",
  "homeVodId": "/@href",
  "homeVodIdR": "/show/(\\w+).html",
  "homeVodImg": "/@data-original",
  "homeVodImgR": "\\S+(http\\S+)",
  "homeVodMark": "/span[contains(@class,'pic-text')]/text()",
  "cateUrl": "http://98bbw.com/whole/{cateId}/page/{catePg}.html",
  "cateVodNode": "//ul[contains(@class,'stui-vodlist')]//li//a[contains(@class,'stui-vodlist__thumb')]",
  "cateVodName": "/@title",
  "cateVodId": "/@href",
  "cateVodIdR": "/show/(\\w+).html",
  "cateVodImg": "/@data-original",
  "cateVodImgR": "\\S+(http\\S+)",
  "cateVodMark": "/span[contains(@class,'pic-text')]/text()",
  "dtUrl": "http://98bbw.com/show/{vid}.html",
    "dtNode": "//body",
    "dtName": "//div[@class='stui-content__thumb']/a/@title",
    "dtNameR": "",
    "dtImg": "//div[@class='stui-content__thumb']/a/img/@data-original",
    "dtImgR": "",
    "dtCate": "//span[contains(text(), '类型')]/parent::text()",
    "dtYear": "",
    "dtDirector": "//span[contains(text(), '导演')]/parent::text()",
    "dtActor": "//span[contains(text(), '主演')]/parent::text()",
    "dtDesc": "//p[@class='desc detail ']/span[@class='detail-content']/text()",
    "dtFromNode": "//div[@class='stui-pannel__head bottom-line active clearfix']/h3",
    "dtFromName": "/text()",
    "dtFromNameR": "",
    "dtUrlNode": "//div[@class='stui-pannel_bd col-pd clearfix']/ul[@class='stui-content__playlist clearfix']",
    "dtUrlSubNode": "/li/a",
    "dtUrlId": "@href",
    "dtUrlIdR": "/play/(\\S+).html",
    "dtUrlName": "/text()",
    "dtUrlNameR": "",
    "playUrl": "http://98bbw.com/play/{playUrl}.html",
    "playUa": "",
    "searchUrl": "http://98bbw.com/index.php/ajax/suggest?mid=1&wd={wd}&limit=10",
    "scVodNode": "json:list",
    "scVodName": "name",
    "scVodId": "id",
    "scVodIdR": "",
    "scVodImg": "pic",
    "scVodMark": ""
}
