{
  "name": "特狗影视",
  "url": "https://www.tegouys.com",
  "tihuan": "cnzz.com",
  "User": "空",
  "shouye": "1",
  "fenlei": "电影$/vodtype/1-#连续剧$/vodtype/2-#综艺$/vodtype/3-#动漫$/vodtype/4-",
  "houzhui": ".html",
  "shifouercijiequ": "0",
  "jiequqian": "空",
  "jiequhou": "空",
  "jiequshuzuqian": "class=\"myui-vodlist__box\"><a",
  "jiequshuzuhou": "style=",
  "tupianqian": "data-original=\"",
  "tupianhou": "\"",
  "biaotiqian": "title=\"",
  "biaotihou": "\"",
  "lianjieqian": "href=\"",
  "lianjiehou": "\"",
  "sousuoqian": "/index.php/ajax/suggest?mid=1&wd=",
  "sousuohou": "&limit=10",
  "sousuohouzhui": "/voddetail/",
  "ssmoshi": "0",
  "sousuoshifouercijiequ": "0",
  "jspic": "pic",
  "jsname": "name",
  "jsid": "id",
  "ssjiequqian": "空",
  "ssjiequhou": "空",
  "ssjiequshuzuqian": "空",
  "ssjiequshuzuhou": "空",
  "sstupianqian": "空",
  "sstupianhou": "空",
  "ssbiaotiqian": "空",
  "ssbiaotihou": "空",
  "sslianjieqian": "空",
  "sslianjiehou": "空",
  "bfshifouercijiequ": "0",
  "bfjiequqian": "空",
  "bfjiequhou": "空",
  "zhuangtaiqian": "空",
  "zhuangtaihou": "空",
  "daoyanqian": "空",
  "daoyanhou": "空",
  "zhuyanqian": "空",
  "zhuyanhou": "空",
  "juqingqian": "简介：</span>　　",
  "juqinghou": "<a",
  "bfjiequshuzuqian": "class=\"myui-content__list scrollbar",
  "bfjiequshuzuhou": "</ul>",
  "bfyshifouercijiequ": "0",
  "bfyjiequqian": "空",
  "bfyjiequhou": "空",
  "bfyjiequshuzuqian": "<a",
  "bfyjiequshuzuhou": "/a>",
  "bfbiaotiqian": ">",
  "bfbiaotihou": "<",
  "bflianjieqian": "href=\"",
  "bflianjiehou": "\""
}
